1455906838.32,received , 2 , 0.394208192825, wifi
1455906838.34,received , 4 , 0.39995098114, wifi
1455906838.51,received , 5 , 0.560151100159, wifi
1455906838.56,received , 6 , 0.599713087082, wifi
1455906838.64,received , 7 , 0.667352199554, wifi
1455906838.69,received , 8 , 0.705461025238, wifi
1455906838.97,received , 9 , 0.973335027695, wifi
1455906839.02,received , 10 , 1.01109719276, wifi
1455906839.12,received , 11 , 1.10835504532, wifi
1455906839.15,received , 12 , 1.12809920311, wifi
1455906839.18,received , 13 , 1.14449501038, wifi
1455906839.21,received , 14 , 1.16189813614, wifi
1455906839.23,received , 15 , 1.17826414108, wifi
1455906839.27,received , 18 , 1.18037819862, wifi
1455906839.3,received , 19 , 1.19959521294, wifi
1455906839.36,received , 21 , 1.23913216591, wifi
1455906839.39,received , 22 , 1.26352787018, wifi
1455906839.42,received , 23 , 1.27965402603, wifi
1455906839.47,received , 24 , 1.3238761425, wifi
1455906839.5,received , 25 , 1.33995914459, wifi
1455906839.56,received , 29 , 1.35266709328, wifi
1455906839.59,received , 30 , 1.38038921356, wifi
1455906839.97,received , 31 , 1.74651503563, wifi
1455906840.0,received , 33 , 1.75220394135, wifi
1455906840.04,received , 34 , 1.78632807732, wifi
1455906840.08,received , 36 , 1.80530810356, wifi
1455906840.11,received , 37 , 1.82117390633, wifi
1455906840.15,received , 38 , 1.85386705399, wifi
1455906840.19,received , 39 , 1.88634705544, wifi
1455906840.22,received , 40 , 1.90261912346, wifi
1455906840.26,received , 41 , 1.93677210808, wifi
1455906840.41,received , 42 , 2.07389521599, wifi
1455906840.44,received , 43 , 2.08932518959, wifi
1455906840.44,received , 1 , 2.52508091927, lte
1455906840.47,received , 44 , 2.10543990135, wifi
1455906840.5,received , 46 , 2.12459802628, wifi
1455906840.54,received , 47 , 2.15080499649, wifi
1455906840.57,received , 48 , 2.16690587997, wifi
1455906840.61,received , 50 , 2.19301700592, wifi
1455906840.64,received , 51 , 2.21269202232, wifi
1455906840.74,received , 53 , 2.28909492493, wifi
1455906840.77,received , 54 , 2.30560398102, wifi
1455906840.8,received , 55 , 2.32518005371, wifi
1455906840.82,received , 56 , 2.34134697914, wifi
1455906840.86,received , 57 , 2.36410498619, wifi
1455906840.88,received , 58 , 2.38061189651, wifi
1455906840.92,received , 59 , 2.40530204773, wifi
1455906840.95,received , 60 , 2.42463684082, wifi
1455906840.97,received , 61 , 2.44063305855, wifi
1455906841.01,received , 62 , 2.46188402176, wifi
1455906841.09,received , 2 , 3.16683292389, lte
1455906841.15,received , 64 , 2.58999300003, wifi
1455906841.19,received , 66 , 2.60884404182, wifi
1455906841.24,received , 67 , 2.64641714096, wifi
1455906841.27,received , 68 , 2.66240406036, wifi
1455906841.32,received , 69 , 2.70234704018, wifi
1455906841.36,received , 70 , 2.73666214943, wifi
1455906841.41,received , 71 , 2.77252793312, wifi
1455906841.45,received , 72 , 2.80023002625, wifi
1455906841.48,received , 73 , 2.81644701958, wifi
1455906841.78,received , 75 , 3.10369706154, wifi
1455906841.84,received , 77 , 3.13580489159, wifi
1455906841.88,received , 78 , 3.17338299751, wifi
1455906841.91,received , 79 , 3.18935608864, wifi
1455906841.97,received , 80 , 3.23874902725, wifi
1455906842.0,received , 81 , 3.25467014313, wifi
1455906842.05,received , 82 , 3.29545903206, wifi
1455906842.09,received , 83 , 3.32324409485, wifi
1455906842.12,received , 84 , 3.35104012489, wifi
1455906842.42,received , 3 , 4.48751091957, lte
1455906842.5,received , 85 , 3.71611118317, wifi
1455906842.53,received , 87 , 3.72209024429, wifi
1455906842.56,received , 89 , 3.73633909225, wifi
1455906842.59,received , 90 , 3.75273895264, wifi
1455906842.62,received , 91 , 3.77232503891, wifi
1455906842.64,received , 92 , 3.78835606575, wifi
1455906842.67,received , 93 , 3.80619215965, wifi
1455906842.7,received , 94 , 3.82240200043, wifi
1455906842.89,received , 96 , 3.98786425591, wifi
1455906842.89,received , 4 , 4.94615316391, lte
1455906842.91,received , 97 , 4.00375008583, wifi
1455906842.96,received , 99 , 4.02792096138, wifi
1455906842.99,received , 100 , 4.05216908455, wifi
1455906843.02,received , 101 , 4.06820011139, wifi
1455906843.05,received , 102 , 4.09241104126, wifi
1455906843.08,received , 103 , 4.11166810989, wifi
1455906843.11,received , 104 , 4.12776422501, wifi
1455906843.14,received , 105 , 4.14893507957, wifi
1455906843.49,received , 106 , 4.48405122757, wifi
1455906843.51,received , 107 , 4.5016040802, wifi
1455906843.52,received , 5 , 5.56624698639, lte
1455906843.54,received , 108 , 4.51735424995, wifi
1455906843.57,received , 109 , 4.54021310806, wifi
1455906843.6,received , 110 , 4.55645012856, wifi
1455906843.63,received , 111 , 4.57242822647, wifi
1455906843.66,received , 112 , 4.59815096855, wifi
1455906843.69,received , 113 , 4.61419892311, wifi
1455906843.72,received , 114 , 4.63382911682, wifi
1455906843.75,received , 115 , 4.65473794937, wifi
1455906843.78,received , 116 , 4.67087507248, wifi
1455906843.92,received , 117 , 4.80364823341, wifi
1455906843.99,received , 118 , 4.86619400978, wifi
1455906844.02,received , 119 , 4.88205313683, wifi
1455906844.04,received , 6 , 6.07991719246, lte
1455906844.06,received , 120 , 4.9114420414, wifi
1455906844.1,received , 121 , 4.93756103516, wifi
1455906844.12,received , 142 , 4.74568605423, wifi
1455906844.15,received , 143 , 4.76693105698, wifi
1455906844.18,received , 148 , 4.74130797386, wifi
1455906844.21,received , 149 , 4.76027011871, wifi
1455906844.22,received , 7 , 6.24476099014, lte
1455906844.24,received , 156 , 4.71390795708, wifi
1455906844.34,received , 161 , 4.76448106766, wifi
1455906844.38,received , 162 , 4.79542398453, wifi
1455906844.41,received , 163 , 4.81500720978, wifi
1455906844.44,received , 166 , 4.8102581501, wifi
1455906844.47,received , 168 , 4.8186712265, wifi
1455906844.5,received , 169 , 4.83815097809, wifi
1455906844.52,received , 170 , 4.85454416275, wifi
1455906844.55,received , 171 , 4.87519311905, wifi
1455906844.83,received , 173 , 5.13105416298, wifi
1455906844.86,received , 174 , 5.14915990829, wifi
1455906844.89,received , 175 , 5.16519999504, wifi
1455906844.89,received , 8 , 6.90569996834, lte
1455906844.92,received , 176 , 5.18635821342, wifi
1455906844.94,received , 184 , 5.12968301773, wifi
1455906844.98,received , 187 , 5.13133811951, wifi
1455906845.0,received , 190 , 5.12636017799, wifi
1455906845.05,received , 208 , 4.9829390049, wifi
1455906845.08,received , 209 , 5.00578904152, wifi
1455906845.25,received , 211 , 5.15513300896, wifi
1455906845.28,received , 213 , 5.16114521027, wifi
1455906845.3,received , 214 , 5.17773914337, wifi
1455906845.36,received , 215 , 5.22047019005, wifi
1455906845.38,received , 216 , 5.23664617538, wifi
1455906845.42,received , 232 , 5.10724306107, wifi
1455906845.45,received , 233 , 5.12319803238, wifi
1455906845.48,received , 243 , 5.05347490311, wifi
1455906845.51,received , 244 , 5.07150101662, wifi
1455906845.53,received , 248 , 5.05595111847, wifi
1455906845.76,received , 9 , 7.76732087135, lte
1455906845.78,received , 250 , 5.28354096413, wifi
1455906845.82,received , 251 , 5.30663704872, wifi
1455906845.84,received , 281 , 5.02077412605, wifi
1455906845.88,received , 290 , 4.96480822563, wifi
1455906845.92,received , 301 , 4.8910548687, wifi
1455906845.95,received , 302 , 4.91566801071, wifi
1455906845.98,received , 303 , 4.93197417259, wifi
1455906846.01,received , 304 , 4.94943904877, wifi
1455906846.04,received , 308 , 4.93910121918, wifi
1455906846.07,received , 309 , 4.95521903038, wifi
1455906846.28,received , 311 , 5.15191292763, wifi
1455906846.31,received , 336 , 4.91814613342, wifi
1455906846.34,received , 341 , 4.89646315575, wifi
1455906846.38,received , 342 , 4.92151403427, wifi
1455906846.4,received , 343 , 4.93758511543, wifi
1455906846.43,received , 344 , 4.95571613312, wifi
1455906846.47,received , 345 , 4.98199415207, wifi
1455906846.5,received , 346 , 5.0013320446, wifi
1455906846.52,received , 347 , 5.01767301559, wifi
1455906846.55,received , 348 , 5.03676319122, wifi
1455906846.6,received , 10 , 8.59303116798, lte
1455906846.71,received , 372 , 4.94581627846, wifi
1455906846.74,received , 410 , 4.57914805412, wifi
1455906846.77,received , 411 , 4.60370397568, wifi
1455906846.81,received , 449 , 4.24358510971, wifi
1455906846.83,received , 450 , 4.26010584831, wifi
1455906846.86,received , 451 , 4.27809810638, wifi
1455906846.89,received , 452 , 4.29447603226, wifi
1455906846.92,received , 453 , 4.31413817406, wifi
1455906846.95,received , 471 , 4.15402913094, wifi
1455906846.99,received , 472 , 4.18352508545, wifi
1455906847.14,received , 474 , 4.32000017166, wifi
1455906847.18,received , 475 , 4.345952034, wifi
1455906847.21,received , 476 , 4.36528611183, wifi
1455906847.22,received , 11 , 9.20784902573, lte
1455906847.24,received , 479 , 4.3622610569, wifi
1455906847.27,received , 492 , 4.25703310966, wifi
1455906847.29,received , 497 , 4.23319005966, wifi
1455906847.32,received , 512 , 4.1053609848, wifi
1455906847.35,received , 513 , 4.1230802536, wifi
1455906847.38,received , 518 , 4.09934306145, wifi
1455906847.57,received , 519 , 4.27593493462, wifi
1455906847.61,received , 522 , 4.28443002701, wifi
1455906847.64,received , 524 , 4.29841709137, wifi
1455906847.67,received , 561 , 3.94408106804, wifi
1455906847.71,received , 562 , 3.97510790825, wifi
1455906847.75,received , 563 , 4.00645899773, wifi
1455906847.78,received , 564 , 4.02238512039, wifi
1455906847.81,received , 568 , 4.01298713684, wifi
1455906847.85,received , 569 , 4.0389649868, wifi
1455906847.87,received , 570 , 4.05522108078, wifi
1455906848.1,received , 595 , 4.0245912075, wifi
1455906848.17,received , 596 , 4.08031201363, wifi
1455906848.19,received , 597 , 4.09662413597, wifi
1455906848.24,received , 598 , 4.1342420578, wifi
1455906848.27,received , 599 , 4.15016412735, wifi
1455906848.31,received , 604 , 4.13632202148, wifi
1455906848.33,received , 605 , 4.1525580883, wifi
1455906848.36,received , 606 , 4.16868019104, wifi
1455906848.39,received , 607 , 4.18785810471, wifi
1455906848.42,received , 608 , 4.20408201218, wifi
1455906848.54,received , 609 , 4.32059907913, wifi
1455906848.57,received , 614 , 4.29561805725, wifi
1455906848.61,received , 615 , 4.32142806053, wifi
1455906848.64,received , 616 , 4.34752106667, wifi
1455906848.67,received , 620 , 4.33424305916, wifi
1455906848.7,received , 621 , 4.35020589828, wifi
1455906848.73,received , 625 , 4.33838200569, wifi
1455906848.75,received , 626 , 4.35461997986, wifi
1455906848.78,received , 640 , 4.23872113228, wifi
1455906848.8,received , 12 , 10.7745909691, lte
1455906848.93,received , 644 , 4.34894418716, wifi
1455906848.97,received , 659 , 4.23128700256, wifi
1455906849.02,received , 674 , 4.12239217758, wifi
1455906849.09,received , 678 , 4.14702892303, wifi
1455906849.15,received , 683 , 4.15793013573, wifi
1455906849.21,received , 684 , 4.20399212837, wifi
1455906849.25,received , 685 , 4.23838710785, wifi
1455906849.29,received , 686 , 4.26420593262, wifi
1455906849.31,received , 699 , 4.15723204613, wifi
1455906849.46,received , 704 , 4.24838209152, wifi
1455906849.52,received , 705 , 4.30428314209, wifi
1455906849.55,received , 706 , 4.32029008865, wifi
1455906849.58,received , 707 , 4.33827996254, wifi
1455906849.6,received , 723 , 4.1987490654, wifi
1455906849.64,received , 741 , 4.04798913002, wifi
1455906849.67,received , 742 , 4.06399798393, wifi
1455906849.7,received , 743 , 4.08829903603, wifi
1455906849.74,received , 746 , 4.09307098389, wifi
1455906850.04,received , 747 , 4.38722515106, wifi
1455906850.07,received , 748 , 4.40346312523, wifi
1455906850.1,received , 13 , 12.0588181019, lte
1455906850.1,received , 749 , 4.42958307266, wifi
1455906850.13,received , 750 , 4.44572210312, wifi
1455906850.16,received , 751 , 4.46689987183, wifi
1455906850.19,received , 752 , 4.48296117783, wifi
1455906850.22,received , 753 , 4.4991312027, wifi
1455906850.25,received , 828 , 3.75700592995, wifi
1455906850.28,received , 829 , 3.77818012238, wifi
1455906850.31,received , 835 , 3.74215817451, wifi
1455906850.35,received , 836 , 3.77415299416, wifi
1455906850.5,received , 838 , 3.90118813515, wifi
1455906850.53,received , 839 , 3.92079901695, wifi
1455906850.56,received , 840 , 3.93704509735, wifi
1455906850.59,received , 841 , 3.95822095871, wifi
1455906850.61,received , 842 , 3.97406315804, wifi
1455906850.64,received , 843 , 3.99179601669, wifi
1455906850.67,received , 844 , 4.01294207573, wifi
1455906850.7,received , 845 , 4.02886009216, wifi
1455906850.73,received , 846 , 4.04680418968, wifi
1455906850.76,received , 847 , 4.06268405914, wifi
1455906850.97,received , 851 , 4.23894619942, wifi
1455906851.0,received , 852 , 4.25509405136, wifi
1455906851.05,received , 860 , 4.22017502785, wifi
1455906851.09,received , 876 , 4.09545993805, wifi
1455906851.12,received , 877 , 4.11164498329, wifi
1455906851.15,received , 878 , 4.1327881813, wifi
1455906851.17,received , 14 , 13.1243860722, lte
1455906851.17,received , 881 , 4.12794494629, wifi
1455906851.2,received , 882 , 4.14885616302, wifi
1455906851.24,received , 883 , 4.17345309258, wifi
1455906851.27,received , 884 , 4.18971800804, wifi
1455906851.48,received , 885 , 4.39111113548, wifi
1455906851.51,received , 886 , 4.40746307373, wifi
1455906851.54,received , 887 , 4.43173193932, wifi
1455906851.57,received , 888 , 4.4478020668, wifi
1455906851.6,received , 889 , 4.46719002724, wifi
1455906851.62,received , 890 , 4.48313117027, wifi
1455906851.66,received , 891 , 4.5076649189, wifi
1455906851.69,received , 892 , 4.52541208267, wifi
1455906851.71,received , 893 , 4.54159402847, wifi
1455906851.74,received , 894 , 4.56076717377, wifi
1455906852.0,received , 896 , 4.80190896988, wifi
1455906852.03,received , 897 , 4.81964492798, wifi
1455906852.06,received , 898 , 4.83719205856, wifi
1455906852.09,received , 899 , 4.85347294807, wifi
1455906852.12,received , 911 , 4.75826096535, wifi
1455906852.13,received , 15 , 14.0730471611, lte
1455906852.14,received , 912 , 4.77437210083, wifi
1455906852.18,received , 925 , 4.67738008499, wifi
1455906852.21,received , 926 , 4.69828224182, wifi
1455906852.24,received , 927 , 4.71458816528, wifi
1455906852.27,received , 928 , 4.73913693428, wifi
1455906852.48,received , 930 , 4.92277812958, wifi
1455906852.5,received , 931 , 4.93876314163, wifi
1455906852.53,received , 932 , 4.9564499855, wifi
1455906852.57,received , 933 , 4.98251795769, wifi
1455906852.6,received , 951 , 4.82267904282, wifi
1455906852.63,received , 961 , 4.75666189194, wifi
1455906852.66,received , 962 , 4.77255916595, wifi
1455906852.69,received , 963 , 4.79232406616, wifi
1455906852.72,received , 964 , 4.80850625038, wifi
1455906852.75,received , 1007 , 4.39572000504, wifi
1455906852.97,received , 1008 , 4.60286521912, wifi
1455906852.99,received , 1010 , 4.60900807381, wifi
1455906853.02,received , 1011 , 4.62543201447, wifi
1455906853.05,received , 1012 , 4.64319992065, wifi
1455906853.07,received , 1013 , 4.65962719917, wifi
1455906853.11,received , 1089 , 3.92669391632, wifi
1455906853.15,received , 1090 , 3.94961214066, wifi
1455906853.17,received , 1091 , 3.96589708328, wifi
1455906853.21,received , 1092 , 3.98621320724, wifi
1455906853.23,received , 1093 , 4.00237727165, wifi
1455906853.26,received , 16 , 15.190762043, lte
1455906853.56,received , 1095 , 4.31016993523, wifi
1455906853.63,received , 1097 , 4.35921287537, wifi
1455906853.66,received , 1138 , 3.95766425133, wifi
1455906853.7,received , 1144 , 3.93909525871, wifi
1455906853.74,received , 1145 , 3.96996903419, wifi
1455906853.76,received , 17 , 15.6825079918, lte
1455906853.77,received , 1146 , 3.98612999916, wifi
1455906853.81,received , 1147 , 4.01898908615, wifi
1455906853.85,received , 1149 , 4.0378382206, wifi
1455906853.89,received , 1150 , 4.068557024, wifi
1455906853.93,received , 1151 , 4.09966516495, wifi
1455906854.19,received , 18 , 16.1023769379, lte
1455906854.47,received , 1199 , 4.13978409767, wifi
1455906854.52,received , 1201 , 4.16025400162, wifi
1455906854.54,received , 1202 , 4.17597818375, wifi
1455906854.59,received , 1203 , 4.21041202545, wifi
1455906854.62,received , 1205 , 4.22294902802, wifi
1455906854.65,received , 1206 , 4.23894691467, wifi
1455906854.65,received , 19 , 16.55707407, lte
1455906854.68,received , 1207 , 4.26659107208, wifi
1455906854.71,received , 1208 , 4.28564095497, wifi
1455906854.96,received , 20 , 16.848785162, lte
1455906854.99,received , 1210 , 4.53933000565, wifi
1455906855.02,received , 1211 , 4.5603761673, wifi
1455906855.05,received , 1212 , 4.58337187767, wifi
1455906855.08,received , 1236 , 4.35671114922, wifi
1455906855.12,received , 1240 , 4.35474205017, wifi
1455906855.15,received , 1241 , 4.37426710129, wifi
1455906855.18,received , 1245 , 4.35904192924, wifi
1455906855.21,received , 1250 , 4.33681201935, wifi
1455906855.23,received , 1251 , 4.35307312012, wifi
1455906855.36,received , 21 , 17.2393372059, lte
1455906855.57,received , 1254 , 4.66072797775, wifi
1455906855.6,received , 1256 , 4.66635012627, wifi
1455906855.63,received , 1257 , 4.68447399139, wifi
1455906855.65,received , 1258 , 4.70065402985, wifi
1455906855.68,received , 1259 , 4.71667194366, wifi
1455906855.71,received , 1260 , 4.7377140522, wifi
1455906855.74,received , 1261 , 4.753895998, wifi
1455906855.76,received , 22 , 17.6306979656, lte
1455906855.78,received , 1262 , 4.78356599808, wifi
1455906855.8,received , 1263 , 4.79965209961, wifi
1455906855.83,received , 1264 , 4.81942605972, wifi
1455906856.12,received , 1265 , 5.09248304367, wifi
1455906856.14,received , 1288 , 4.88047122955, wifi
1455906856.17,received , 1289 , 4.89673399925, wifi
1455906856.2,received , 1294 , 4.87608003616, wifi
1455906856.23,received , 1295 , 4.89722704887, wifi
1455906856.26,received , 1296 , 4.91316604614, wifi
1455906856.3,received , 1297 , 4.94249510765, wifi
1455906856.32,received , 23 , 18.1815330982, lte
1455906856.32,received , 1299 , 4.94823598862, wifi
1455906856.35,received , 1300 , 4.96795511246, wifi
1455906856.38,received , 1301 , 4.98392009735, wifi
1455906856.41,received , 1302 , 5.00487709045, wifi
1455906856.54,received , 24 , 18.3900470734, lte
1455906856.63,received , 1304 , 5.20524191856, wifi
1455906856.66,received , 1305 , 5.22153115273, wifi
1455906856.73,received , 1306 , 5.28237223625, wifi
1455906856.77,received , 1307 , 5.31169509888, wifi
1455906856.8,received , 1309 , 5.32089400291, wifi
1455906856.83,received , 1310 , 5.33706307411, wifi
1455906856.86,received , 1311 , 5.35467100143, wifi
1455906856.88,received , 1312 , 5.37086200714, wifi
1455906856.91,received , 1313 , 5.39037299156, wifi
1455906856.94,received , 1314 , 5.4095389843, wifi
1455906857.1,received , 1315 , 5.55580711365, wifi
1455906857.12,received , 1316 , 5.57164502144, wifi
1455906857.17,received , 1317 , 5.60792589188, wifi
1455906857.21,received , 1336 , 5.4514529705, wifi
1455906857.21,received , 25 , 19.0535058975, lte
1455906857.26,received , 1337 , 5.49092102051, wifi
1455906857.31,received , 1338 , 5.52362322807, wifi
1455906857.35,received , 1339 , 5.55478596687, wifi
1455906857.39,received , 1384 , 5.13147306442, wifi
1455906857.44,received , 1385 , 5.1671628952, wifi
1455906857.46,received , 1386 , 5.18347787857, wifi
1455906857.59,received , 26 , 19.417235136, lte
1455906857.67,received , 1387 , 5.38382816315, wifi
1455906857.72,received , 1389 , 5.40609002113, wifi
1455906857.74,received , 1390 , 5.42228722572, wifi
1455906857.79,received , 1391 , 5.46119904518, wifi
1455906857.83,received , 1392 , 5.4907181263, wifi
1455906857.86,received , 1393 , 5.50677490234, wifi
1455906857.9,received , 1394 , 5.54117107391, wifi
1455906857.94,received , 1431 , 5.19376420975, wifi
1455906857.99,received , 1432 , 5.22658205032, wifi
1455906858.01,received , 1472 , 4.84157109261, wifi
1455906858.2,received , 1484 , 4.90648698807, wifi
1455906858.23,received , 1488 , 4.89258217812, wifi
1455906858.25,received , 1489 , 4.91059422493, wifi
1455906858.29,received , 1493 , 4.90499091148, wifi
1455906858.32,received , 1494 , 4.92443394661, wifi
1455906858.35,received , 1498 , 4.91045093536, wifi
1455906858.37,received , 27 , 20.1935281754, lte
1455906858.38,received , 1499 , 4.93433499336, wifi
1455906858.42,received , 1500 , 4.96043205261, wifi
1455906858.44,received , 1501 , 4.97696089745, wifi
1455906858.5,received , 1534 , 4.70191597939, wifi
1455906858.53,received , 1535 , 4.71819925308, wifi
1455906858.58,received , 1536 , 4.76060509682, wifi
1455906858.63,received , 1627 , 3.85966205597, wifi
1455906858.67,received , 1628 , 3.88573813438, wifi
1455906858.71,received , 1629 , 3.91677689552, wifi
1455906858.74,received , 1630 , 3.93935227394, wifi
1455906858.77,received , 1631 , 3.95559811592, wifi
1455906858.8,received , 1632 , 3.9735159874, wifi
1455906858.82,received , 1635 , 3.96865296364, wifi
1455906858.95,received , 1636 , 4.08138608932, wifi
1455906858.97,received , 1637 , 4.09768295288, wifi
1455906859.01,received , 1638 , 4.11952924728, wifi
1455906859.04,received , 1639 , 4.14408922195, wifi
1455906859.07,received , 28 , 20.8752610683, lte
1455906859.07,received , 1640 , 4.16493010521, wifi
1455906859.1,received , 1641 , 4.18083190918, wifi
1455906859.13,received , 1642 , 4.20340204239, wifi
1455906859.16,received , 1643 , 4.22445106506, wifi
1455906859.19,received , 1644 , 4.2406129837, wifi
1455906859.22,received , 1645 , 4.26308512688, wifi
1455906859.25,received , 1646 , 4.27897906303, wifi
1455906859.36,received , 29 , 21.156730175, lte
1455906859.4,received , 1647 , 4.41944622993, wifi
1455906859.44,received , 1648 , 4.44376802444, wifi
1455906859.47,received , 1649 , 4.47055912018, wifi
1455906859.5,received , 1672 , 4.25847911835, wifi
1455906859.53,received , 1673 , 4.27962207794, wifi
1455906859.56,received , 1676 , 4.27874708176, wifi
1455906859.59,received , 1677 , 4.2948012352, wifi
1455906859.62,received , 1678 , 4.31242918968, wifi
1455906859.64,received , 1681 , 4.30771493912, wifi
1455906859.77,received , 1682 , 4.42740821838, wifi
1455906859.8,received , 1683 , 4.44346785545, wifi
1455906859.83,received , 1685 , 4.45248103142, wifi
1455906859.86,received , 1686 , 4.47378706932, wifi
1455906859.89,received , 1690 , 4.46052098274, wifi
1455906859.92,received , 1727 , 4.10367703438, wifi
1455906859.93,received , 30 , 21.717217207, lte
1455906859.94,received , 1728 , 4.12142825127, wifi
1455906859.97,received , 1729 , 4.1407520771, wifi
1455906860.0,received , 1730 , 4.15827989578, wifi
1455906860.03,received , 1731 , 4.17761611938, wifi
1455906860.06,received , 1781 , 3.6871612072, wifi
1455906860.14,received , 1783 , 3.74588394165, wifi
1455906860.17,received , 1784 , 3.76518511772, wifi
1455906860.2,received , 1785 , 3.78276109695, wifi
1455906860.23,received , 1786 , 3.80241107941, wifi
1455906860.26,received , 1787 , 3.82141518593, wifi
1455906860.29,received , 1788 , 3.83934307098, wifi
1455906860.31,received , 1789 , 3.85551214218, wifi
1455906860.35,received , 1836 , 3.39785194397, wifi
1455906860.38,received , 1837 , 3.42081022263, wifi
1455906860.5,received , 1840 , 3.50881314278, wifi
1455906860.53,received , 1841 , 3.52671504021, wifi
1455906860.55,received , 1842 , 3.5432009697, wifi
1455906860.6,received , 1843 , 3.57915997505, wifi
1455906860.63,received , 1844 , 3.6030330658, wifi
1455906860.66,received , 1884 , 3.22116684914, wifi
1455906860.69,received , 1887 , 3.22044801712, wifi
1455906860.72,received , 1933 , 2.76684212685, wifi
1455906860.76,received , 31 , 22.5373818874, lte
1455906860.78,received , 1934 , 2.82203912735, wifi
1455906860.82,received , 1935 , 2.84711909294, wifi
1455906860.85,received , 1936 , 2.86783099174, wifi
1455906860.88,received , 1937 , 2.88417506218, wifi
1455906860.91,received , 1938 , 2.90519213676, wifi
1455906860.94,received , 1944 , 2.87839007378, wifi
1455906860.97,received , 1945 , 2.89434504509, wifi
1455906861.0,received , 1946 , 2.91568112373, wifi
1455906861.03,received , 1947 , 2.93371295929, wifi
1455906861.1,received , 32 , 22.8613810539, lte
1455906861.16,received , 1949 , 3.04587006569, wifi
1455906861.19,received , 1950 , 3.06155014038, wifi
1455906861.22,received , 1951 , 3.08411717415, wifi
1455906861.26,received , 1952 , 3.10689806938, wifi
1455906861.28,received , 1953 , 3.12328505516, wifi
1455906861.32,received , 1954 , 3.15173506737, wifi
1455906861.35,received , 1955 , 3.17082905769, wifi
1455906861.38,received , 1957 , 3.17650222778, wifi
1455906861.41,received , 1958 , 3.19582796097, wifi
1455906861.43,received , 1959 , 3.21200489998, wifi
1455906861.56,received , 1961 , 3.31781697273, wifi
1455906861.59,received , 1963 , 3.32746815681, wifi
1455906861.62,received , 1964 , 3.34345817566, wifi
1455906861.65,received , 1965 , 3.36441993713, wifi
1455906861.68,received , 1966 , 3.38414597511, wifi
1455906861.71,received , 1967 , 3.40021920204, wifi
1455906861.74,received , 1968 , 3.42248106003, wifi
1455906861.77,received , 1969 , 3.44861197472, wifi
1455906861.8,received , 1982 , 3.33944702148, wifi
1455906862.01,received , 1985 , 3.51965403557, wifi
1455906862.05,received , 1986 , 3.54212808609, wifi
1455906862.08,received , 1987 , 3.56496787071, wifi
1455906862.1,received , 1988 , 3.58091711998, wifi
1455906862.13,received , 33 , 23.883865118, lte
1455906862.15,received , 1989 , 3.61677598953, wifi
1455906862.18,received , 1990 , 3.63984394073, wifi
1455906862.21,received , 1991 , 3.65583896637, wifi
1455906862.24,received , 1992 , 3.67548418045, wifi
1455906862.27,received , 1993 , 3.69300699234, wifi
1455906862.45,received , 1995 , 3.84957909584, wifi
1455906862.48,received , 1996 , 3.87642908096, wifi
1455906862.53,received , 1997 , 3.912566185, wifi
1455906862.56,received , 1999 , 3.91846108437, wifi
1455906862.6,received , 2000 , 3.94908213615, wifi
1455906862.64,received , 2001 , 3.97700500488, wifi
1455906862.67,received , 2014 , 3.88174700737, wifi
1455906862.7,received , 2019 , 3.85741615295, wifi
1455906862.73,received , 2020 , 3.88033604622, wifi
1455906862.9,received , 2023 , 4.01981711388, wifi
1455906862.91,received , 34 , 24.660266161, lte
1455906862.94,received , 2024 , 4.04427599907, wifi
1455906862.99,received , 2026 , 4.07198619843, wifi
1455906863.01,received , 2027 , 4.0881550312, wifi
1455906863.08,received , 2028 , 4.14503622055, wifi
1455906863.11,received , 2037 , 4.08017206192, wifi
1455906863.13,received , 2038 , 4.09633398056, wifi
1455906863.25,received , 35 , 24.989773035, lte
1455906863.46,received , 2042 , 4.37927913666, wifi
1455906863.49,received , 2047 , 4.35501790047, wifi
1455906863.51,received , 2051 , 4.34008812904, wifi
1455906863.54,received , 2056 , 4.31745910645, wifi
1455906863.57,received , 2057 , 4.33357405663, wifi
1455906863.6,received , 2060 , 4.33681201935, wifi
1455906863.62,received , 36 , 25.343514204, lte
1455906863.64,received , 2061 , 4.36308407784, wifi
1455906863.67,received , 2062 , 4.37907600403, wifi
1455906863.7,received , 2063 , 4.40526008606, wifi
1455906863.73,received , 2098 , 4.06790804863, wifi
1455906863.77,received , 2099 , 4.09227204323, wifi
1455906863.96,received , 37 , 25.6729879379, lte
1455906864.09,received , 2112 , 4.282984972, wifi
1455906864.12,received , 2116 , 4.2673830986, wifi
1455906864.15,received , 2117 , 4.29218196869, wifi
1455906864.19,received , 2123 , 4.26866102219, wifi
1455906864.22,received , 2124 , 4.29135417938, wifi
1455906864.25,received , 2127 , 4.28622913361, wifi
1455906864.28,received , 2128 , 4.3071539402, wifi
1455906864.31,received , 2129 , 4.32343006134, wifi
1455906864.51,received , 2132 , 4.49658417702, wifi
1455906864.55,received , 2133 , 4.51754808426, wifi
1455906864.57,received , 2134 , 4.53358793259, wifi
1455906864.6,received , 2135 , 4.55283308029, wifi
1455906864.65,received , 2138 , 4.56628918648, wifi
1455906864.68,received , 38 , 26.3835279942, lte
1455906864.68,received , 2139 , 4.59312701225, wifi
1455906864.72,received , 2142 , 4.59690713882, wifi
1455906864.74,received , 2147 , 4.57088804245, wifi
1455906864.78,received , 2148 , 4.59190416336, wifi
1455906864.8,received , 2151 , 4.58722901344, wifi
1455906865.03,received , 2166 , 4.65456819534, wifi
1455906865.05,received , 2167 , 4.67057704926, wifi
1455906865.09,received , 2168 , 4.69975686073, wifi
1455906865.18,received , 2169 , 4.77558422089, wifi
1455906865.24,received , 2170 , 4.82639408112, wifi
1455906865.28,received , 39 , 26.9682149887, lte
1455906865.3,received , 2171 , 4.87255120277, wifi
1455906865.36,received , 2172 , 4.92527103424, wifi
1455906865.39,received , 2173 , 4.94133591652, wifi
1455906865.46,received , 2174 , 5.00410103798, wifi
1455906865.93,received , 2176 , 5.44932413101, wifi
1455906865.97,received , 2177 , 5.48541712761, wifi
1455906866.0,received , 2181 , 5.4700152874, wifi
1455906866.05,received , 2185 , 5.48283219337, wifi
1455906866.08,received , 2264 , 4.68433308601, wifi
1455906866.13,received , 2265 , 4.72048616409, wifi
1455906866.16,received , 2266 , 4.74500012398, wifi
1455906866.19,received , 2267 , 4.76109790802, wifi
1455906866.26,received , 2269 , 4.81676292419, wifi
1455906866.29,received , 2270 , 4.83271789551, wifi
1455906866.32,received , 2271 , 4.8490960598, wifi
1455906866.35,received , 2272 , 4.86853218079, wifi
1455906866.37,received , 2273 , 4.88449406624, wifi
1455906866.4,received , 2300 , 4.6354830265, wifi
1455906866.43,received , 2305 , 4.61016225815, wifi
1455906866.43,received , 40 , 28.1168129444, lte
1455906866.46,received , 2306 , 4.62934303284, wifi
1455906866.5,received , 2307 , 4.66061496735, wifi
1455906866.53,received , 2309 , 4.67141890526, wifi
1455906866.82,received , 2311 , 4.94028115273, wifi
1455906866.85,received , 2313 , 4.94761991501, wifi
1455906866.89,received , 2314 , 4.97189903259, wifi
1455906866.91,received , 2315 , 4.98804497719, wifi
1455906866.95,received , 2316 , 5.0107460022, wifi
1455906866.97,received , 2317 , 5.02864313126, wifi
1455906867.0,received , 2318 , 5.04464125633, wifi
1455906867.04,received , 2332 , 4.93383288383, wifi
1455906867.06,received , 2333 , 4.95009088516, wifi
1455906867.23,received , 41 , 28.8974919319, lte
1455906867.27,received , 2395 , 4.5098772049, wifi
1455906867.29,received , 2396 , 4.52594399452, wifi
1455906867.34,received , 2460 , 3.90973114967, wifi
1455906867.36,received , 2499 , 3.53001117706, wifi
1455906867.39,received , 2500 , 3.54925823212, wifi
1455906867.42,received , 2504 , 3.53459906578, wifi
1455906867.45,received , 2510 , 3.5014872551, wifi
1455906867.48,received , 2511 , 3.51768994331, wifi
1455906867.51,received , 2512 , 3.54045891762, wifi
1455906867.52,received , 42 , 29.1779530048, lte
1455906867.72,received , 2514 , 3.73184108734, wifi
1455906867.75,received , 2515 , 3.7493121624, wifi
1455906867.78,received , 2516 , 3.76537799835, wifi
1455906867.81,received , 2517 , 3.78832793236, wifi
1455906867.86,received , 2518 , 3.83232593536, wifi
1455906867.9,received , 2519 , 3.85517811775, wifi
1455906867.92,received , 2520 , 3.87114524841, wifi
1455906867.97,received , 2521 , 3.9039440155, wifi
1455906867.98,received , 43 , 29.6282942295, lte
1455906868.0,received , 2522 , 3.92691612244, wifi
1455906868.13,received , 2546 , 3.81049704552, wifi
1455906868.16,received , 2547 , 3.82646012306, wifi
1455906868.19,received , 2548 , 3.84284806252, wifi
1455906868.21,received , 2550 , 3.85140800476, wifi
1455906868.24,received , 2551 , 3.86766910553, wifi
1455906868.27,received , 2552 , 3.88697910309, wifi
1455906868.31,received , 2553 , 3.9129781723, wifi
1455906868.33,received , 2554 , 3.92895698547, wifi
1455906868.37,received , 2555 , 3.9566590786, wifi
1455906868.4,received , 2556 , 3.97270607948, wifi
1455906868.55,received , 2559 , 4.09114599228, wifi
1455906868.58,received , 2560 , 4.10712599754, wifi
1455906868.61,received , 2561 , 4.13628005981, wifi
1455906868.64,received , 2562 , 4.15263819695, wifi
1455906868.67,received , 2563 , 4.17532205582, wifi
1455906868.71,received , 2564 , 4.20262408257, wifi
1455906868.75,received , 2565 , 4.23122119904, wifi
1455906868.78,received , 2566 , 4.25253891945, wifi
1455906868.81,received , 2594 , 3.98950910568, wifi
1455906868.94,received , 2596 , 4.09838604927, wifi
1455906868.97,received , 2597 , 4.114839077, wifi
1455906869.0,received , 2598 , 4.1444439888, wifi
1455906869.03,received , 2599 , 4.16090416908, wifi
1455906869.07,received , 2600 , 4.18962311745, wifi
1455906869.1,received , 2601 , 4.2094039917, wifi
1455906869.13,received , 2602 , 4.22560811043, wifi
1455906869.16,received , 2603 , 4.24864006042, wifi
1455906869.19,received , 2604 , 4.2700920105, wifi
1455906869.22,received , 2605 , 4.29096412659, wifi
1455906869.39,received , 2607 , 4.43499016762, wifi
1455906869.42,received , 2636 , 4.16160488129, wifi
1455906869.44,received , 2637 , 4.17773199081, wifi
1455906869.47,received , 2641 , 4.16569185257, wifi
1455906869.5,received , 2645 , 4.15056395531, wifi
1455906869.53,received , 2650 , 4.13177514076, wifi
1455906869.56,received , 2653 , 4.13033103943, wifi
1455906869.59,received , 2659 , 4.09111404419, wifi
1455906869.62,received , 2663 , 4.08189916611, wifi
1455906869.82,received , 2668 , 4.23360490799, wifi
1455906869.86,received , 2669 , 4.26124095917, wifi
1455906869.89,received , 2670 , 4.28332185745, wifi
1455906869.92,received , 2671 , 4.29965090752, wifi
1455906869.95,received , 2707 , 3.95724987984, wifi
1455906869.98,received , 2708 , 3.97323417664, wifi
1455906870.02,received , 2743 , 3.6478562355, wifi
1455906870.04,received , 2744 , 3.66379523277, wifi
1455906870.08,received , 2745 , 3.68846797943, wifi
1455906870.11,received , 2746 , 3.70782208443, wifi
1455906870.46,received , 2747 , 4.05193090439, wifi
1455906870.49,received , 2748 , 4.06788825989, wifi
1455906870.53,received , 2753 , 4.05769705772, wifi
1455906870.57,received , 2763 , 3.9924659729, wifi
1455906870.59,received , 2766 , 3.9876909256, wifi
1455906870.64,received , 2767 , 4.01894783974, wifi
1455906870.66,received , 44 , 32.3022301197, lte
1455906870.67,received , 2768 , 4.04080224037, wifi
1455906870.7,received , 2772 , 4.03080892563, wifi
1455906870.73,received , 2773 , 4.0467710495, wifi
1455906870.76,received , 2774 , 4.06937098503, wifi
1455906870.79,received , 2775 , 4.08553910255, wifi
1455906870.92,received , 2777 , 4.19868826866, wifi
1455906870.95,received , 2779 , 4.20449209213, wifi
1455906870.99,received , 2780 , 4.23543405533, wifi
1455906871.02,received , 2781 , 4.25799298286, wifi
1455906871.05,received , 2782 , 4.27388811111, wifi
1455906871.1,received , 2783 , 4.31823992729, wifi
1455906871.14,received , 2784 , 4.34673810005, wifi
1455906871.17,received , 2796 , 4.25073814392, wifi
1455906871.2,received , 2802 , 4.21433091164, wifi
1455906871.41,received , 2804 , 4.40526103973, wifi
1455906871.45,received , 2815 , 4.33198428154, wifi
1455906871.52,received , 2816 , 4.38648104668, wifi
1455906871.54,received , 2817 , 4.40221714973, wifi
1455906871.58,received , 2818 , 4.42826795578, wifi
1455906871.61,received , 2819 , 4.44466614723, wifi
1455906871.64,received , 2820 , 4.46725106239, wifi
1455906871.67,received , 2821 , 4.4885020256, wifi
1455906871.7,received , 2844 , 4.27609491348, wifi
1455906871.74,received , 2845 , 4.3105840683, wifi
1455906871.94,received , 2848 , 4.47692322731, wifi
1455906871.99,received , 2849 , 4.51288414001, wifi
1455906872.01,received , 2850 , 4.52877902985, wifi
1455906872.06,received , 2851 , 4.5630979538, wifi
1455906872.09,received , 2853 , 4.57893300056, wifi
1455906872.12,received , 2859 , 4.54272508621, wifi
1455906872.16,received , 2860 , 4.57226109505, wifi
1455906872.19,received , 2861 , 4.59662389755, wifi
1455906872.23,received , 2862 , 4.6208012104, wifi
1455906872.49,received , 2937 , 4.10750198364, wifi
1455906872.52,received , 2938 , 4.12401008606, wifi
1455906872.55,received , 2939 , 4.14184093475, wifi
1455906872.58,received , 2943 , 4.13278794289, wifi
1455906872.63,received , 2944 , 4.16757893562, wifi
1455906872.66,received , 2945 , 4.19036698341, wifi
1455906872.69,received , 2946 , 4.20851111412, wifi
1455906872.73,received , 2947 , 4.2370390892, wifi
1455906872.76,received , 2948 , 4.26472616196, wifi
1455906872.79,received , 2949 , 4.28097605705, wifi
1455906872.93,received , 2982 , 4.07140421867, wifi
1455906872.95,received , 2985 , 4.06655621529, wifi
1455906872.98,received , 2986 , 4.08906316757, wifi
1455906873.02,received , 2987 , 4.11108613014, wifi
1455906873.04,received , 2988 , 4.12718915939, wifi
1455906873.07,received , 2990 , 4.13584017754, wifi
1455906873.1,received , 2991 , 4.15221714973, wifi
1455906873.13,received , 2992 , 4.17175912857, wifi
1455906873.16,received , 2993 , 4.19637417793, wifi
1455906873.19,received , 2994 , 4.21259188652, wifi
1455906873.22,received , 2995 , 4.23541998863, wifi
1455906873.47,received , 2997 , 4.45964503288, wifi
1455906873.5,received , 2998 , 4.48408198357, wifi
1455906873.53,received , 2999 , 4.50163507462, wifi
1455906873.56,received , 3000 , 4.51776695251, wifi
1455906873.6,received , 3001 , 4.55209493637, wifi
1455906873.63,received , 3002 , 4.56839513779, wifi
1455906873.7,received , 3003 , 4.6286740303, wifi
1455906873.73,received , 3004 , 4.64515399933, wifi
1455906873.78,received , 3005 , 4.68871903419, wifi
1455906873.81,received , 3006 , 4.71322703362, wifi
1455906873.99,received , 3007 , 4.87516307831, wifi
1455906874.02,received , 3009 , 4.88480091095, wifi
1455906874.04,received , 3011 , 4.89012908936, wifi
1455906874.07,received , 3012 , 4.90782690048, wifi
1455906874.1,received , 3013 , 4.92426800728, wifi
1455906874.13,received , 3024 , 4.84435725212, wifi
1455906874.17,received , 3025 , 4.86800003052, wifi
1455906874.2,received , 3028 , 4.87002897263, wifi
1455906874.23,received , 3029 , 4.88572692871, wifi
1455906874.47,received , 3061 , 4.79766201973, wifi
1455906874.5,received , 3064 , 4.79269814491, wifi
1455906874.55,received , 3065 , 4.83186411858, wifi
1455906874.61,received , 3067 , 4.86717009544, wifi
1455906874.66,received , 3068 , 4.90808105469, wifi
1455906874.72,received , 3069 , 4.95889496803, wifi
1455906874.77,received , 3070 , 4.99824595451, wifi
1455906874.82,received , 3071 , 5.03743314743, wifi
1455906875.1,received , 3072 , 5.30937194824, wifi
1455906875.13,received , 3101 , 5.03330111504, wifi
1455906875.21,received , 3106 , 5.06864213943, wifi
1455906875.26,received , 3107 , 5.10645604134, wifi
1455906875.31,received , 3153 , 4.67079901695, wifi
1455906875.35,received , 3158 , 4.66482996941, wifi
1455906875.38,received , 3260 , 3.6322081089, wifi
1455906875.58,received , 3262 , 3.81580305099, wifi
1455906875.61,received , 3263 , 3.83509111404, wifi
1455906875.64,received , 3264 , 3.85112094879, wifi
1455906875.67,received , 3265 , 3.86708712578, wifi
1455906875.7,received , 3266 , 3.88819217682, wifi
1455906875.72,received , 3267 , 3.90419912338, wifi
1455906875.75,received , 3268 , 3.9220969677, wifi
1455906875.78,received , 3269 , 3.93787312508, wifi
1455906875.82,received , 3270 , 3.97209501266, wifi
1455906875.85,received , 3271 , 3.98841691017, wifi
1455906876.21,received , 3272 , 4.33330607414, wifi
1455906876.23,received , 3273 , 4.34935903549, wifi
1455906876.27,received , 3274 , 4.37156391144, wifi
1455906876.29,received , 3276 , 4.3775100708, wifi
1455906876.32,received , 3277 , 4.39845705032, wifi
1455906876.36,received , 3278 , 4.42303419113, wifi
1455906876.38,received , 3279 , 4.43905997276, wifi
1455906876.43,received , 3280 , 4.47355699539, wifi
1455906876.48,received , 3281 , 4.51024317741, wifi
1455906876.5,received , 3315 , 4.18165516853, wifi
1455906876.96,received , 3316 , 4.63188290596, wifi
1455906877.01,received , 3318 , 4.65705394745, wifi
1455906877.04,received , 3319 , 4.68144392967, wifi
1455906877.07,received , 3320 , 4.69744205475, wifi
1455906877.11,received , 3352 , 4.39944219589, wifi
1455906877.13,received , 3353 , 4.41691398621, wifi
1455906877.16,received , 3357 , 4.40205597878, wifi
1455906877.19,received , 3358 , 4.4231672287, wifi
1455906877.23,received , 3359 , 4.44905519485, wifi
1455906877.26,received , 3360 , 4.46484923363, wifi
1455906877.35,received , 3361 , 4.54991412163, wifi
1455906877.44,received , 3363 , 4.62310099602, wifi
1455906877.47,received , 3364 , 4.63931512833, wifi
1455906877.51,received , 3365 , 4.66696095467, wifi
1455906877.54,received , 3367 , 4.68101716042, wifi
1455906877.57,received , 3368 , 4.69719696045, wifi
1455906877.61,received , 3369 , 4.72964406013, wifi
1455906877.64,received , 3370 , 4.74906516075, wifi
1455906877.98,received , 3372 , 5.06148910522, wifi
1455906878.03,received , 3374 , 5.09031605721, wifi
1455906878.05,received , 3375 , 5.10644197464, wifi
1455906878.08,received , 3376 , 5.12575507164, wifi
1455906878.12,received , 3404 , 4.87332391739, wifi
1455906878.15,received , 3410 , 4.8370821476, wifi
1455906878.19,received , 3411 , 4.86797404289, wifi
1455906878.22,received , 3412 , 4.8907392025, wifi
1455906878.25,received , 3413 , 4.90713405609, wifi
1455906878.4,received , 3414 , 5.0464220047, wifi
1455906878.43,received , 3416 , 5.05215597153, wifi
1455906878.45,received , 3417 , 5.06867098808, wifi
1455906878.5,received , 3418 , 5.10220003128, wifi
1455906878.54,received , 3420 , 5.1202890873, wifi
1455906878.56,received , 3421 , 5.13649010658, wifi
1455906878.6,received , 3422 , 5.16011810303, wifi
1455906878.63,received , 3456 , 4.84512209892, wifi
1455906878.65,received , 3457 , 4.86143398285, wifi
1455906878.91,received , 3458 , 5.10240411758, wifi
1455906878.91,received , 47 , 40.5214579105, lte
1455906878.94,received , 3460 , 5.11648392677, wifi
1455906878.97,received , 3461 , 5.13252997398, wifi
1455906879.01,received , 3462 , 5.16227412224, wifi
1455906879.05,received , 3463 , 5.19591021538, wifi
1455906879.08,received , 3464 , 5.21356010437, wifi
1455906879.13,received , 3500 , 4.88606595993, wifi
1455906879.16,received , 3510 , 4.80955505371, wifi
1455906879.19,received , 3511 , 4.83222794533, wifi
1455906879.21,received , 3514 , 4.82753610611, wifi
1455906879.35,received , 3515 , 4.9554309845, wifi
1455906879.38,received , 3517 , 4.96408390999, wifi
1455906879.41,received , 3518 , 4.98010706902, wifi
1455906879.46,received , 3551 , 4.68272805214, wifi
1455906879.49,received , 3552 , 4.71003198624, wifi
1455906879.52,received , 3553 , 4.72624397278, wifi
1455906879.55,received , 3554 , 4.74716305733, wifi
1455906879.58,received , 3569 , 4.62195515633, wifi
1455906879.72,received , 48 , 41.3182330132, lte
1455906879.75,received , 3592 , 4.55326104164, wifi
1455906879.79,received , 3655 , 3.935765028, wifi
1455906879.81,received , 3656 , 3.9519610405, wifi
1455906879.85,received , 3657 , 3.97483491898, wifi
1455906879.88,received , 3658 , 3.99759507179, wifi
1455906879.92,received , 3660 , 4.01779317856, wifi
1455906879.95,received , 3661 , 4.03397917747, wifi
1455906879.99,received , 3662 , 4.06857013702, wifi
1455906880.03,received , 3663 , 4.0981771946, wifi
1455906880.19,received , 3664 , 4.24021220207, wifi
1455906880.21,received , 49 , 41.7999870777, lte
1455906880.26,received , 3666 , 4.28861117363, wifi
1455906880.28,received , 3667 , 4.30474901199, wifi
1455906880.32,received , 3668 , 4.3324201107, wifi
1455906880.36,received , 3669 , 4.3567199707, wifi
1455906880.38,received , 3670 , 4.3726079464, wifi
1455906880.42,received , 3671 , 4.39726018906, wifi
1455906880.45,received , 3672 , 4.42153596878, wifi
1455906880.48,received , 3673 , 4.43774795532, wifi
1455906880.51,received , 3674 , 4.45533204079, wifi
1455906880.52,received , 50 , 42.0967690945, lte
1455906880.82,received , 51 , 42.3854432106, lte
1455906880.89,received , 3675 , 4.83337306976, wifi
1455906880.93,received , 3676 , 4.85931587219, wifi
1455906880.96,received , 3677 , 4.87588810921, wifi
1455906880.99,received , 3678 , 4.89667105675, wifi
1455906881.03,received , 3679 , 4.92936396599, wifi
1455906881.06,received , 3680 , 4.94879198074, wifi
1455906881.09,received , 3681 , 4.96511697769, wifi
1455906881.09,received , 52 , 42.6522891521, lte
1455906881.12,received , 3682 , 4.98281908035, wifi
1455906881.14,received , 3683 , 4.9989490509, wifi
1455906881.18,received , 3684 , 5.02335810661, wifi
1455906881.21,received , 3685 , 5.04278707504, wifi
1455906881.42,received , 53 , 42.9669120312, lte
1455906881.46,received , 3687 , 5.27454519272, wifi
1455906881.49,received , 3690 , 5.26973009109, wifi
1455906881.54,received , 3691 , 5.31403398514, wifi
1455906881.61,received , 3692 , 5.37156105042, wifi
1455906881.64,received , 3699 , 5.3253929615, wifi
1455906881.7,received , 3700 , 5.37465119362, wifi
1455906881.72,received , 3701 , 5.39091491699, wifi
1455906881.77,received , 3702 , 5.43183207512, wifi
1455906881.8,received , 3703 , 5.44803190231, wifi
1455906881.84,received , 3704 , 5.4822640419, wifi
1455906882.02,received , 54 , 43.5537960529, lte
1455906882.07,received , 3707 , 5.68044805527, wifi
1455906882.14,received , 3709 , 5.72046113014, wifi
1455906882.18,received , 3710 , 5.75823521614, wifi
1455906882.23,received , 3711 , 5.79606604576, wifi
1455906882.27,received , 3712 , 5.82869505882, wifi
1455906882.3,received , 3713 , 5.84474897385, wifi
1455906882.34,received , 3714 , 5.86893606186, wifi
1455906882.37,received , 3715 , 5.89000511169, wifi
1455906882.49,received , 3721 , 5.94977021217, wifi
1455906882.53,received , 3722 , 5.97826194763, wifi
1455906882.57,received , 3723 , 6.01277422905, wifi
1455906882.62,received , 3834 , 3.42625808716, wifi
1455906882.66,received , 3835 , 3.45689606667, wifi
1455906882.69,received , 55 , 44.2166390419, lte
1455906882.69,received , 3836 , 3.4794421196, wifi
1455906882.72,received , 3837 , 3.49574589729, wifi
1455906882.74,received , 3838 , 3.51150918007, wifi
1455906882.94,received , 3840 , 3.68623304367, wifi
1455906882.97,received , 3841 , 3.70605707169, wifi
1455906883.0,received , 3842 , 3.72949004173, wifi
1455906883.03,received , 3843 , 3.74579906464, wifi
1455906883.04,received , 56 , 44.5592422485, lte
1455906883.09,received , 3844 , 3.80010485649, wifi
1455906883.14,received , 3872 , 3.55136203766, wifi
1455906883.18,received , 3873 , 3.58580899239, wifi
1455906883.21,received , 3874 , 3.60195994377, wifi
1455906883.27,received , 3875 , 3.6497130394, wifi
1455906883.3,received , 3876 , 3.66916704178, wifi
1455906883.5,received , 3877 , 3.86443114281, wifi
1455906883.55,received , 3879 , 3.89217305183, wifi
1455906883.66,received , 3881 , 3.9769411087, wifi
1455906883.69,received , 3882 , 4.0012550354, wifi
1455906883.72,received , 3883 , 4.01742100716, wifi
1455906883.75,received , 3884 , 4.03559708595, wifi
1455906883.77,received , 3885 , 4.05204296112, wifi
1455906883.8,received , 3886 , 4.07111001015, wifi
1455906883.83,received , 3887 , 4.08735013008, wifi
1455906883.96,received , 3890 , 4.18334293365, wifi
1455906884.02,received , 3891 , 4.2378590107, wifi
1455906884.05,received , 3892 , 4.25417900085, wifi
1455906884.08,received , 3909 , 4.10984325409, wifi
1455906884.11,received , 3914 , 4.08385109901, wifi
1455906884.14,received , 3915 , 4.10491085052, wifi
1455906884.17,received , 3916 , 4.12613296509, wifi
1455906884.2,received , 3918 , 4.1320002079, wifi
1455906884.35,received , 3921 , 4.25719618797, wifi
1455906884.4,received , 3922 , 4.29646205902, wifi
1455906884.46,received , 3923 , 4.34222888947, wifi
1455906884.49,received , 3964 , 3.95038509369, wifi
1455906884.54,received , 3965 , 3.98419094086, wifi
1455906884.59,received , 3966 , 4.02368021011, wifi
1455906884.64,received , 3967 , 4.06672024727, wifi
1455906884.68,received , 3968 , 4.09610915184, wifi
1455906884.72,received , 3969 , 4.12798428535, wifi
1455906884.89,received , 3971 , 4.27361297607, wifi
1455906884.96,received , 3973 , 4.33115196228, wifi
1455906884.99,received , 3975 , 4.33674025536, wifi
1455906885.06,received , 4019 , 3.94375824928, wifi
1455906885.14,received , 4023 , 3.98240423203, wifi
1455906885.18,received , 4024 , 4.01861310005, wifi
1455906885.23,received , 4027 , 4.03517007828, wifi
1455906885.39,received , 4031 , 4.154941082, wifi
1455906885.43,received , 4033 , 4.16722226143, wifi
1455906885.45,received , 4034 , 4.18307805061, wifi
1455906885.49,received , 4035 , 4.21424007416, wifi
1455906885.5,received , 57 , 47.0039491653, lte
1455906885.56,received , 4036 , 4.27162313461, wifi
1455906885.59,received , 4037 , 4.28750014305, wifi
1455906885.62,received , 4038 , 4.30864214897, wifi
1455906885.76,received , 4041 , 4.4156229496, wifi
1455906885.78,received , 4043 , 4.42141008377, wifi
1455906885.82,received , 4045 , 4.43635416031, wifi
1455906885.85,received , 4046 , 4.45267891884, wifi
1455906885.88,received , 4047 , 4.47704124451, wifi
1455906885.92,received , 4048 , 4.50958609581, wifi
1455906885.96,received , 4049 , 4.53098607063, wifi
1455906885.99,received , 4050 , 4.55419206619, wifi
1455906886.11,received , 4051 , 4.66716194153, wifi
1455906886.15,received , 4069 , 4.51837325096, wifi
1455906886.19,received , 4082 , 4.42027425766, wifi
1455906886.22,received , 4083 , 4.43627500534, wifi
1455906886.25,received , 4084 , 4.46266913414, wifi
1455906886.29,received , 4085 , 4.48702907562, wifi
1455906886.31,received , 4092 , 4.4403488636, wifi
1455906886.34,received , 4093 , 4.46160197258, wifi
1455906886.38,received , 4094 , 4.48504424095, wifi
1455906886.41,received , 4131 , 4.12590718269, wifi
1455906886.56,received , 4134 , 4.24670600891, wifi
1455906886.6,received , 4135 , 4.27972722054, wifi
1455906886.63,received , 4136 , 4.29940986633, wifi
1455906886.66,received , 4138 , 4.31204414368, wifi
1455906886.69,received , 4139 , 4.3279042244, wifi
1455906886.72,received , 4147 , 4.27080106735, wifi
1455906886.75,received , 4148 , 4.29336500168, wifi
1455906886.79,received , 4149 , 4.32522201538, wifi
1455906886.99,received , 4151 , 4.49792122841, wifi
1455906887.03,received , 4231 , 3.71971702576, wifi
1455906887.06,received , 4232 , 3.7357840538, wifi
1455906887.14,received , 4235 , 3.77866601944, wifi
1455906887.16,received , 4236 , 3.79482507706, wifi
1455906887.2,received , 4237 , 3.82690215111, wifi
1455906887.23,received , 4238 , 3.8460290432, wifi
1455906887.26,received , 4239 , 3.86168599129, wifi
1455906887.29,received , 4240 , 3.87977194786, wifi
1455906887.48,received , 4242 , 4.04050111771, wifi
1455906887.51,received , 4244 , 4.0535068512, wifi
1455906887.54,received , 4245 , 4.07147192955, wifi
1455906887.54,received , 58 , 49.0377409458, lte
1455906887.56,received , 4246 , 4.08789992332, wifi
1455906887.59,received , 4269 , 3.88086104393, wifi
1455906887.62,received , 4270 , 3.89705705643, wifi
1455906887.66,received , 4271 , 3.92321205139, wifi
1455906887.7,received , 4272 , 3.95064210892, wifi
1455906887.73,received , 4307 , 3.62286996841, wifi
1455906887.89,received , 4308 , 3.77807712555, wifi
1455906887.93,received , 4309 , 3.80262804031, wifi
1455906887.97,received , 4312 , 3.81470108032, wifi
1455906888.0,received , 4322 , 3.7367939949, wifi
1455906888.04,received , 4323 , 3.76575303078, wifi
1455906888.07,received , 4324 , 3.78602910042, wifi
1455906888.09,received , 4325 , 3.80212807655, wifi
1455906888.13,received , 4326 , 3.82689094543, wifi
1455906888.15,received , 4327 , 3.8425822258, wifi
1455906888.2,received , 4328 , 3.87677598, wifi
1455906888.23,received , 4329 , 3.90142321587, wifi
1455906888.47,received , 4360 , 3.81683802605, wifi
1455906888.51,received , 4362 , 3.83090615273, wifi
1455906888.53,received , 4364 , 3.83651185036, wifi
1455906888.56,received , 4365 , 3.85734510422, wifi
1455906888.6,received , 4406 , 3.47415423393, wifi
1455906888.63,received , 4407 , 3.49196887016, wifi
1455906888.66,received , 4408 , 3.50766897202, wifi
1455906888.69,received , 4409 , 3.53191709518, wifi
1455906888.72,received , 4410 , 3.54988908768, wifi
1455906888.87,received , 4412 , 3.68072295189, wifi
1455906888.9,received , 4413 , 3.69663214684, wifi
1455906888.95,received , 4421 , 3.65759110451, wifi
1455906889.0,received , 4422 , 3.70494914055, wifi
1455906889.02,received , 59 , 50.5082950592, lte
1455906889.04,received , 4423 , 3.73462605476, wifi
1455906889.09,received , 4424 , 3.77054691315, wifi
1455906889.13,received , 4425 , 3.80031108856, wifi
1455906889.16,received , 4426 , 3.82343006134, wifi
1455906889.2,received , 4427 , 3.85452103615, wifi
1455906889.23,received , 4428 , 3.87269997597, wifi
1455906889.39,received , 4448 , 3.82419514656, wifi
1455906889.41,received , 4453 , 3.7997481823, wifi
1455906889.45,received , 4454 , 3.82108807564, wifi
1455906889.47,received , 4455 , 3.83743715286, wifi
1455906889.51,received , 4456 , 3.86208987236, wifi
1455906889.53,received , 4457 , 3.87840819359, wifi
1455906889.57,received , 4458 , 3.90092110634, wifi
1455906889.6,received , 4459 , 3.92079019547, wifi
1455906889.65,received , 4460 , 3.96512103081, wifi
1455906889.69,received , 4461 , 3.99239706993, wifi
1455906889.71,received , 4462 , 4.00854301453, wifi
1455906889.84,received , 4463 , 4.12846302986, wifi
1455906889.87,received , 4465 , 4.13438224792, wifi
1455906889.93,received , 4466 , 4.17924594879, wifi
1455906889.96,received , 4467 , 4.20095896721, wifi
1455906890.0,received , 4468 , 4.22924518585, wifi
1455906890.02,received , 4469 , 4.24543905258, wifi
1455906890.06,received , 4470 , 4.27066206932, wifi
1455906890.09,received , 4471 , 4.29349017143, wifi
1455906890.12,received , 4472 , 4.31003212929, wifi
1455906890.15,received , 4473 , 4.32989788055, wifi
1455906890.25,received , 60 , 51.7291278839, lte
1455906890.26,received , 4474 , 4.43064713478, wifi
1455906890.31,received , 4481 , 4.40771007538, wifi
1455906890.35,received , 4496 , 4.30276107788, wifi
1455906890.42,received , 4497 , 4.36034297943, wifi
1455906890.45,received , 4575 , 3.59077310562, wifi
1455906890.5,received , 4576 , 3.63205313683, wifi
1455906890.55,received , 4581 , 3.63143396378, wifi
1455906890.58,received , 4582 , 3.64796209335, wifi
1455906890.61,received , 4586 , 3.6369202137, wifi
1455906890.74,received , 4587 , 3.75647616386, wifi
1455906890.79,received , 4613 , 3.5392870903, wifi
1455906890.82,received , 4615 , 3.55302596092, wifi
1455906890.85,received , 4616 , 3.56930208206, wifi
1455906890.87,received , 4617 , 3.58717012405, wifi
1455906890.9,received , 4618 , 3.60365009308, wifi
1455906890.94,received , 4619 , 3.63132715225, wifi
1455906890.97,received , 4620 , 3.65763306618, wifi
1455906891.01,received , 4621 , 3.67915010452, wifi
1455906891.18,received , 4627 , 3.79565215111, wifi
1455906891.21,received , 4628 , 3.81160116196, wifi
1455906891.26,received , 4629 , 3.84759807587, wifi
1455906891.3,received , 4630 , 3.88534903526, wifi
1455906891.35,received , 4660 , 3.61914110184, wifi
1455906891.38,received , 4661 , 3.64037799835, wifi
1455906891.41,received , 4664 , 3.63544511795, wifi
1455906891.44,received , 4665 , 3.65824723244, wifi
1455906891.58,received , 4666 , 3.78749299049, wifi
1455906891.61,received , 4716 , 3.28972387314, wifi
1455906891.65,received , 4717 , 3.32184696198, wifi
1455906891.69,received , 4719 , 3.33771109581, wifi
1455906891.71,received , 4720 , 3.35396909714, wifi
1455906891.76,received , 4721 , 3.39337110519, wifi
1455906891.79,received , 4722 , 3.40924406052, wifi
1455906891.82,received , 4723 , 3.42850399017, wifi
1455906891.84,received , 4724 , 3.44444584846, wifi
1455906892.03,received , 4758 , 3.27313995361, wifi
1455906892.06,received , 4759 , 3.29931020737, wifi
1455906892.09,received , 4760 , 3.31560397148, wifi
1455906892.12,received , 4761 , 3.33830714226, wifi
1455906892.15,received , 4762 , 3.35416293144, wifi
1455906892.19,received , 4769 , 3.31781291962, wifi
1455906892.22,received , 4770 , 3.34230208397, wifi
1455906892.25,received , 4771 , 3.36332917213, wifi
1455906892.28,received , 4772 , 3.37950110435, wifi
1455906892.47,received , 4773 , 3.56277704239, wifi
1455906892.5,received , 4775 , 3.57028126717, wifi
1455906892.53,received , 4776 , 3.58665084839, wifi
1455906892.57,received , 4777 , 3.61415910721, wifi
1455906892.59,received , 4778 , 3.63028907776, wifi
1455906892.63,received , 4779 , 3.65841007233, wifi
1455906892.66,received , 4780 , 3.67963409424, wifi
1455906892.69,received , 4801 , 3.48517513275, wifi
1455906892.73,received , 4802 , 3.51983904839, wifi
1455906892.77,received , 4805 , 3.52305388451, wifi
1455906892.93,received , 4807 , 3.66200494766, wifi
1455906892.95,received , 4810 , 3.65751886368, wifi
1455906892.99,received , 4811 , 3.68520712852, wifi
1455906893.02,received , 4812 , 3.70130395889, wifi
1455906893.05,received , 4813 , 3.72654223442, wifi
1455906893.08,received , 4814 , 3.74261498451, wifi
1455906893.12,received , 4818 , 3.73808693886, wifi
1455906893.15,received , 4819 , 3.76242613792, wifi
1455906893.18,received , 4820 , 3.77880787849, wifi
1455906893.34,received , 4823 , 3.91170024872, wifi
1455906893.38,received , 4824 , 3.93466806412, wifi
1455906893.42,received , 4827 , 3.94795513153, wifi
1455906893.45,received , 4828 , 3.96378612518, wifi
1455906893.48,received , 4829 , 3.98962712288, wifi
1455906893.52,received , 4830 , 4.01884317398, wifi
1455906893.55,received , 4831 , 4.03496789932, wifi
1455906893.59,received , 4832 , 4.06598305702, wifi
1455906893.69,received , 4834 , 4.14619398117, wifi
1455906893.72,received , 4835 , 4.16237092018, wifi
1455906893.76,received , 4851 , 4.03938412666, wifi
1455906893.79,received , 4852 , 4.05896019936, wifi
1455906893.82,received , 4853 , 4.0753390789, wifi
1455906893.85,received , 4891 , 3.70631027222, wifi
1455906893.87,received , 4892 , 3.72227907181, wifi
1455906893.9,received , 4894 , 3.73322916031, wifi
1455906893.93,received , 4895 , 3.74916911125, wifi
1455906893.96,received , 4896 , 3.76547813416, wifi
1455906894.1,received , 4899 , 3.88125705719, wifi
1455906894.13,received , 4931 , 3.57383012772, wifi
1455906894.17,received , 4932 , 3.60449910164, wifi
1455906894.21,received , 4933 , 3.62732291222, wifi
1455906894.23,received , 4934 , 3.6433930397, wifi
1455906894.26,received , 4935 , 3.66282701492, wifi
1455906894.3,received , 4936 , 3.69069814682, wifi
1455906894.33,received , 4937 , 3.70659303665, wifi
1455906894.37,received , 4938 , 3.74338126183, wifi
1455906894.41,received , 4939 , 3.77092313766, wifi
1455906894.6,received , 4940 , 3.95209383965, wifi
1455906894.63,received , 4941 , 3.96817517281, wifi
1455906894.66,received , 4942 , 3.98771095276, wifi
1455906894.69,received , 4943 , 4.00402808189, wifi
1455906894.72,received , 4944 , 4.02322912216, wifi
1455906894.75,received , 4973 , 3.75333595276, wifi
1455906894.77,received , 4974 , 3.76955723763, wifi
1455906894.81,received , 4978 , 3.76249217987, wifi
1455906894.83,received , 4979 , 3.77838611603, wifi
1455906894.88,received , 4980 , 3.81120896339, wifi
1455906894.91,received , 4983 , 3.81631708145, wifi
1455906895.08,received , 4984 , 3.97786092758, wifi
1455906895.12,received , 4985 , 4.000426054, wifi
1455906895.19,received , 4986 , 4.0580291748, wifi
1455906895.22,received , 4987 , 4.08548021317, wifi
1455906895.25,received , 4988 , 4.1035630703, wifi
1455906895.28,received , 4989 , 4.11955618858, wifi
1455906895.31,received , 4990 , 4.14208698273, wifi
1455906895.34,received , 4991 , 4.16309595108, wifi
1455906895.37,received , 4992 , 4.17918014526, wifi
1455906896.83,received , 62 , 58.2877821922, lte
1455906899.35,received , 63 , 60.7933661938, lte
1455906899.74,received , 64 , 61.1737620831, lte
1455906900.26,received , 65 , 61.687374115, lte
1455906900.9,received , 66 , 62.3091011047, lte
1455906901.56,received , 67 , 62.9595632553, lte
1455906902.92,received , 68 , 64.3172922134, lte
1455906903.39,received , 69 , 64.7729539871, lte
1455906903.95,received , 70 , 65.3273251057, lte
1455906905.19,received , 71 , 66.5520150661, lte
1455906907.4,received , 72 , 68.7475650311, lte
1455906909.8,received , 73 , 71.1449911594, lte
1455906912.33,received , 74 , 73.6567692757, lte
1455906912.64,received , 75 , 73.9636750221, lte
1455906913.4,received , 76 , 74.710006237, lte
1455906915.38,received , 77 , 76.6815779209, lte
1455906915.81,received , 78 , 77.0960650444, lte
1455906916.05,received , 79 , 77.3263831139, lte
1455906916.38,received , 80 , 77.6477949619, lte
1455906916.71,received , 81 , 77.9624590874, lte
1455906916.93,received , 82 , 78.1729750633, lte
1455906917.19,received , 83 , 78.4306361675, lte
1455906917.68,received , 84 , 78.9032421112, lte
1455906918.07,received , 85 , 79.2851271629, lte
1455906918.59,received , 86 , 79.7989571095, lte
1455906918.89,received , 87 , 80.0905780792, lte
1455906919.14,received , 88 , 80.3264131546, lte
1455906919.62,received , 89 , 80.7951090336, lte
1455906920.49,received , 90 , 81.654763937, lte
1455906921.27,received , 91 , 82.4212839603, lte
1455906922.33,received , 92 , 83.4730911255, lte
1455906922.57,received , 93 , 83.7075731754, lte
1455906923.13,received , 94 , 84.2510192394, lte
1455906923.41,received , 95 , 84.521597147, lte
1455906923.71,received , 96 , 84.8071832657, lte
1455906923.94,received , 97 , 85.0318861008, lte
1455906924.22,received , 98 , 85.2993121147, lte
1455906924.42,received , 99 , 85.4917140007, lte
1455906924.61,received , 100 , 85.6673090458, lte
1455906924.81,received , 101 , 85.8578100204, lte
1455906925.07,received , 102 , 86.1124689579, lte
1455906925.37,received , 103 , 86.3997950554, lte
1455906925.74,received , 104 , 86.7594201565, lte
1455906925.96,received , 105 , 86.9700329304, lte
1455906926.17,received , 106 , 87.1715941429, lte
1455906926.41,received , 107 , 87.3972659111, lte
1455906926.63,received , 108 , 87.6090722084, lte
1455906926.83,received , 109 , 87.791549921, lte
1455906927.06,received , 110 , 88.0150289536, lte
1455906927.34,received , 111 , 88.285804987, lte
1455906927.68,received , 112 , 88.6193509102, lte
1455906927.97,received , 113 , 88.8907990456, lte
1455906928.15,received , 114 , 89.066147089, lte
1455906928.36,received , 115 , 89.2667870522, lte
1455906928.54,received , 116 , 89.4343540668, lte
1455906928.72,received , 117 , 89.6029920578, lte
1455906928.94,received , 118 , 89.8106300831, lte
1455906929.12,received , 119 , 89.9801402092, lte
1455906929.33,received , 120 , 90.1816680431, lte
1455906929.51,received , 121 , 90.3542649746, lte
1455906929.72,received , 122 , 90.5508990288, lte
1455906930.03,received , 123 , 90.8485321999, lte
1455906930.23,received , 124 , 91.0370922089, lte
1455906930.47,received , 125 , 91.2727050781, lte
1455906930.75,received , 126 , 91.5412721634, lte
1455906931.02,received , 127 , 91.797039032, lte
1455906931.26,received , 128 , 92.0289411545, lte
1455906931.51,received , 129 , 92.2685060501, lte
1455906931.79,received , 130 , 92.5388040543, lte
1455906932.04,received , 131 , 92.7771351337, lte
1455906932.34,received , 132 , 93.0669548512, lte
1455906932.67,received , 133 , 93.3854300976, lte
1455906933.04,received , 134 , 93.7479310036, lte
1455906933.3,received , 135 , 93.9926888943, lte
1455906933.56,received , 136 , 94.2441470623, lte
1455906933.95,received , 137 , 94.6258749962, lte
1455906934.15,received , 138 , 94.810521841, lte
1455906934.39,received , 139 , 95.0479900837, lte
1455906934.86,received , 140 , 95.5018210411, lte
1455906935.1,received , 141 , 95.7374341488, lte
1455906935.45,received , 142 , 96.0740568638, lte
1455906935.67,received , 143 , 96.2827248573, lte
1455906935.92,received , 144 , 96.5224020481, lte
1455906936.28,received , 145 , 96.8740229607, lte
1455906936.5,received , 146 , 97.0833690166, lte
1455906936.71,received , 147 , 97.2829520702, lte
1455906937.09,received , 148 , 97.6474890709, lte
1455906937.33,received , 149 , 97.8819432259, lte
1455906937.55,received , 150 , 98.0944509506, lte
1455906937.82,received , 151 , 98.3501501083, lte
1455906938.22,received , 152 , 98.7402851582, lte
1455906938.44,received , 153 , 98.9470140934, lte
1455906938.78,received , 154 , 99.2813789845, lte
1455906939.04,received , 155 , 99.5310029984, lte
1455906939.36,received , 156 , 99.8335061073, lte
1455906939.64,received , 157 , 100.101281881, lte
1455906939.97,received , 158 , 100.422738075, lte
1455906940.54,received , 159 , 100.98034811, lte
1455906940.95,received , 160 , 101.380841017, lte
1455906941.35,received , 161 , 101.772478104, lte
1455906941.66,received , 162 , 102.071068048, lte
1455906941.88,received , 163 , 102.28365922, lte
1455906942.22,received , 164 , 102.613385201, lte
1455906942.52,received , 165 , 102.903839111, lte
1455906942.72,received , 166 , 103.088577032, lte
1455906942.92,received , 167 , 103.280153036, lte
1455906943.09,received , 168 , 103.44000411, lte
1455906943.49,received , 169 , 103.834604979, lte
1455906943.99,received , 170 , 104.318525076, lte
1455906944.52,received , 171 , 104.843113184, lte
1455906945.57,received , 172 , 105.880764961, lte
1455906945.93,received , 173 , 106.225418091, lte
1455906946.37,received , 174 , 106.655030012, lte
1455906946.78,received , 175 , 107.063767195, lte
1455906947.11,received , 176 , 107.377547026, lte
1455906947.38,received , 177 , 107.635930061, lte
1455906947.71,received , 178 , 107.960666895, lte
1455906948.06,received , 179 , 108.296102047, lte
1455906948.36,received , 180 , 108.589550018, lte
1455906948.6,received , 181 , 108.813404083, lte
1455906948.85,received , 182 , 109.051908016, lte
1455906949.17,received , 183 , 109.369477034, lte
1455906949.63,received , 184 , 109.813173056, lte
1455906949.93,received , 185 , 110.102533102, lte
1455906950.21,received , 186 , 110.376079082, lte
1455906950.47,received , 187 , 110.620718241, lte
1455906950.72,received , 188 , 110.863234043, lte
1455906950.95,received , 189 , 111.078938007, lte
1455906951.17,received , 190 , 111.292107105, lte
1455906951.53,received , 191 , 111.641786098, lte
1455906951.81,received , 192 , 111.907391071, lte
1455906952.06,received , 193 , 112.148987055, lte
1455906952.43,received , 194 , 112.510632038, lte
1455906952.69,received , 195 , 112.76228714, lte
1455906953.16,received , 196 , 113.222975969, lte
1455906953.73,received , 197 , 113.779646158, lte
1455906954.31,received , 198 , 114.353199005, lte
1455906954.89,received , 199 , 114.920835018, lte
1455906955.19,received , 200 , 115.206258059, lte
1455906955.82,received , 201 , 115.824939013, lte
1455906956.25,received , 202 , 116.249710083, lte
1455906956.42,received , 203 , 116.410237074, lte
1455906956.63,received , 204 , 116.607722998, lte
1455906956.93,received , 205 , 116.893229008, lte
1455906957.5,received , 206 , 117.452857018, lte
1455906957.72,received , 207 , 117.662314177, lte
1455906957.92,received , 208 , 117.859940052, lte
1455906958.15,received , 209 , 118.070561886, lte
1455906958.52,received , 210 , 118.431302071, lte
1455906958.71,received , 211 , 118.616075039, lte
1455906958.88,received , 212 , 118.773982048, lte
1455906959.15,received , 213 , 119.035903931, lte
1455906959.8,received , 214 , 119.673797131, lte
1455906960.09,received , 215 , 119.955604076, lte
1455906960.57,received , 216 , 120.419463873, lte
1455906961.54,received , 217 , 121.379286051, lte
1455906961.96,received , 218 , 121.794981956, lte
1455906962.59,received , 219 , 122.415882111, lte
1455906963.42,received , 220 , 123.235698938, lte
1455906963.89,received , 221 , 123.688426971, lte
1455906964.15,received , 222 , 123.938013077, lte
1455906964.66,received , 223 , 124.441403151, lte
1455906965.01,received , 224 , 124.782098055, lte
1455906965.34,received , 225 , 125.096339226, lte
1455906965.69,received , 226 , 125.438918114, lte
1455906965.9,received , 227 , 125.639543056, lte
1455906966.23,received , 228 , 125.964164972, lte
1455906966.5,received , 229 , 126.214837074, lte
1455906966.72,received , 230 , 126.429361105, lte
1455906966.99,received , 231 , 126.685978889, lte
1455906967.23,received , 232 , 126.913496017, lte
1455906967.56,received , 233 , 127.232993841, lte
1455906967.89,received , 234 , 127.559653044, lte
1455906968.47,received , 235 , 128.124370098, lte
1455906969.25,received , 236 , 128.896747112, lte
